Question,Answer
1. What event took place in the year 2015 that led to the creation of the Sustainable Development Goals?,"In the year 2015, leaders from 193 countries of the world came together to create the Sustainable Development Goals (SDGs)."
2. What are some of the challenges that leaders from 193 countries saw in the world that prompted them to create the SDGs?,"Leaders from 193 countries saw challenges such as famines, droughts, wars, plagues, and poverty not just in faraway places but also in their own cities and towns. They recognized that there was enough food to feed the world but it wasn't being shared equitably. They also noted that there were medicines available for diseases like HIV, but they were costly. Additionally, they were concerned about natural disasters like earthquakes and floods causing high death tolls. Leaders recognized the need for a better future and created the Sustainable Development Goals (SDGs) to address these challenges."
3. How many goals are included in the Sustainable Development Goals set?,There are a total of 17 goals included in the Sustainable Development Goals set.
4. What organization is one of the leading organizations working to fulfill the SDGs by the year 2030?,The United Nations Development Programme (UNDP) is one of the leading organizations working to fulfill the Sustainable Development Goals (SDGs) by the year 2030.
5. What is the ambitious goal mentioned in the text that aims to end extreme poverty in all forms by 2030?,The ambitious goal mentioned in the text is to end extreme poverty in all forms by 2030.
"6. How has hunger improved in the past 20 years, and what further steps are needed to end hunger and malnutrition?","Hunger has improved in the past 20 years, with many countries reducing hunger by almost half and meeting the nutritional needs of vulnerable populations. To further end hunger and malnutrition, promoting sustainable agriculture, supporting small farmers, and ensuring access to nutritious food year-round are essential steps."
"7. What progress has been made in terms of education since 2000, and what is the goal for education in the SDGs?","Since 2000, there has been significant progress in providing primary education to all children worldwide, with the total enrollment rate in developing regions reaching 91%. The goal for education in the Sustainable Development Goals (SDGs) is to achieve universal primary and secondary education, affordable vocational training, access to higher education, and more."
8. What is the importance of achieving gender equality and empowering all women and girls according to the text?,"The text emphasizes the importance of achieving gender equality and empowering all women and girls by highlighting the existing inequalities in work, wages, unpaid ""women's work,"" and discrimination in public decision-making. It also mentions the progress made in increasing girls' education and women's participation in the workforce. The Sustainable Development Goals aim to end discrimination against women and girls everywhere, indicating the significance of achieving gender equality for overall societal progress and development."
9. Why is it important to ensure access to clean drinking water and sanitation for all by 2030?,"It is important to ensure access to clean drinking water and sanitation for all by 2030 because clean water is essential for good health and well-being. Lack of access to clean water and sanitation can lead to waterborne diseases, malnutrition, and overall poor quality of life. Additionally, ensuring access to clean water and sanitation is crucial for sustainable development and environmental protection."
10. How can countries work together to combat climate change and its impacts according to the Sustainable Development Goals?,"Countries can work together to combat climate change and its impacts by implementing the Sustainable Development Goals. These goals provide a framework for countries to collaborate and take urgent action to reduce the increase in global mean temperature, limit the worst effects of climate change, and promote sustainable consumption patterns. By following the targets set out in the Sustainable Development Goals, countries can work together to address climate change and its impacts effectively."
